Workbook

Sheet Worksheet
A1: Name des Unternehmens / der Organisation | B1: Vorgestellter Beruf / vorgestelltes Berufsfeld | C1: Ihr Name, Vorname (Ihre Position im Unternehmen / in der Organisation) | D1: Straße, Hausnummer | E1: PLZ, Ort | F1: Telefon | G1: Email | H1: A) Falls Sie gerne in einem Klassenraum eine Vorstellung eines Berufes anbieten möchten: | I1: A) Falls Sie gerne in einem Klassenraum eine Vorstellung eines Berufes anbieten möchten: | J1: B) Falls Sie gerne an der Ausstellung teilnehmen möchten: | K1: B) Falls Sie gerne an der Ausstellung teilnehmen möchten: | L1: B) Falls Sie gerne an der Ausstellung teilnehmen möchten:
A2: TH Köln | B2: Rechtsanwalt / Jura Studium / Studium Wirtschaftsrecht | C2: Arens, Stephan Dr. Prof. | D2: Claudiusstr. 1 | E2: 50678 Köln | F2: 01773845911 | G2: stephan.arens@th-koeln.de | H2: Beamer | I2: 15:30 - 16:15 Uhr; 16:15 - 17:00 Uhr; 17:00 - 17:45 Uhr
A3: Engagement Global gGmbH | B3: Entwicklungszusammenarbeit | C3: Schäfer, Martin (Projektleitung finanzielle Förderung) | E3: 53545 Linz | F3: 01735656395 | G3: mart.schaefer@gmail.com | H3: - | I3: 16:15 - 17:00 Uhr; 17:00 - 17:45 Uhr; 17:45 - 18:30 Uhr | L3: Ich möchte keinen Stand betreuen
A4: Deutsches Zentrum für Luft- und Raumfahrt | B4: Luft- und Raumfahrtingenieur | C4: Anke Pagels-Kerp, Raumfahrtvorstand | D4: Finkenweg 38 | E4: 53545 Linz | F4: 01736272512 | G4: anke.pagels-kerp@dlr.de | H4: Beamer | I4: 16:15 - 17:00 Uhr; 17:00 - 17:45 Uhr; 17:45 - 18:30 Uhr
A5: ASUC GmbH | B5: Fachkraft für Arbeitssicherheit | C5: Schneider, Christian, Angestellter | D5: Mittelstraße 93 | E5: 53524 Remagen | F5: 01774973891 | G5: chrisumilgl@freenet.de | H5: Beamer | I5: 15:30 - 16:15 Uhr; 16:15 - 17:00 Uhr; 17:00 - 17:45 Uhr; 17:45 - 18:30 Uhr
A6: Uniklinik Bonn | B6: Operationstechnische/Anästhesietechnische Assistenz | C6: Lehrperson an der OTA/ATA Schule | D6: Mittelstraße 93 | E6: 53424, Remagen | F6: 017662934419 | G6: madleen883.schneider@gmx.de | H6: Smartboard | I6: 16:15 - 17:00 Uhr; 17:00 - 17:45 Uhr; 17:45 - 18:30 Uhr | J6: 2 | K6: 2 | L6: Keine Stehtische
A7: Verbundkrankenhaus Linz-Remagen/ Pflegefachschule Linz-Remagen | B7: Pflegefachmann/Pflegefachfrau; medizinische Fachangestellte; operationstechnische Assistenten; medizinische Technologie für Radiologie; medizinische Technologie für Laboratoriumsanalytik; Pharmazeutisch technische Angestellte oder p. kaufmännische Angestellte | C7: Verbundkrankenhaus Linz-Remagen/ Pflegefachschule Linz-Remagen | D7: Waldbreitbacher Straße 1 | E7: 56588 | F7: 02644 55 8003 | G7: kheidrich@pflegefachschule-linz.de | H7: Ich möchte eine Power Point zeigen können. | I7: 15:30 - 16:15 Uhr; 16:15 - 17:00 Uhr; 17:00 - 17:45 Uhr; 17:45 - 18:30 Uhr | J7: 1 | K7: 2 | L7: Strom
A8: VR Bank RheinAhrEifel eG | B8: Bankkaufmann/ Bankkauffrau | C8: König, Bianca Recruiting/Personalgewinnung | D8: Langendorfer Straße 147 | E8: 56564 Neuwied | F8: 02631 82545004 | G8: bianca-eileen.koenig@vr-rae.de | H8: / | J8: 0 | L8: Wir birngen einen eigenen Counter und Roll Ups mit
A9: Brillux GmbH & Co. KG, Niederlassung Neuwied | B9: Kaufmann (m/w/d) für Groß- und Außenhandelsmanagement | C9: Kira Brauer | D9: Allensteiner Straße 20 | E9: 56566 Neuwied | F9: 025171888297 | G9: messenverwaltung@brillux.de | L9: Wird würden uns freuen, wenn es die Möglichkeit für einen Stromanschluss geben würde.
A10: Confiserie Coppeneur et Compagnon GmbH | B10: Süßwarentechnologie | Lebensmittelchemie | Industriekaufleute | C10: Diederich, Luci - Teil der Geschäftsleitung | Leitung Qualitätsmanagement, Qualitätssicherung & Produktentwicklung | D10: Gewerbepark Dachsberg 1 | E10: 53604 Bad Honnef | F10: 022249010436 | G10: l.diederich@coppeneur.de | H10: Beamer | I10: 15:30 - 16:15 Uhr; 16:15 - 17:00 Uhr; 17:00 - 17:45 Uhr; 17:45 - 18:30 Uhr | J10: 1 | K10: 2 | L10: Ggf. Strom für ein Laptop/ Fernseher
A11: Hochschule Bonn-Rhein-Sieg | B11: Allgemeine Studienorientierung, Bewerbung an der H-BRS | C11: Kloth, Sarah | D11: Grantham-Allee 20 | E11: 53757 Sankt Augustin | F11: 02241 865 9767 | G11: sarah.kloth@h-brs.de | H11: Beamer, HDMI-Kabel | I11: 15:30 - 16:15 Uhr
A12: Rheinisches Bildungszentrum | B12: Anästhesietechnischer Assistent/ Operationstechnischer Assistent/ Generalistische Pflegeausbildung/ Medizinischer Technologe in der Radiologie/ Physiotherapeut | C12: Florian Metzler - Leiter des BZs | D12: Andernacherstr. 70 | E12: 56564 Neuwied | F12: 02631 82529 211 | G12: joanna.fait@marienhaus.de | I12: 15:30 - 16:15 Uhr; 16:15 - 17:00 Uhr; 17:00 - 17:45 Uhr; 17:45 - 18:30 Uhr | J12: 4 | K12: 0
A13: Debeka Krankenversicherungsverein a. G. | B13: Kaufmann/-frau für Versicherungen und Finanzen | C13: Michael Jung, Geschäftsstellenleiter u. Florian Heumann, Organisationsleiter | D13: Langendorfer Str. 94 | E13: 56564 Neuwied | F13: 02631-8709-10 | G13: Michael.Jung@debeka.de | H13: Beamer | I13: 15:30 - 16:15 Uhr | J13: 1 | K13: 3
A14: Polizei Rheinland Pfalz - PI Linz am Rhein | B14: Polizeibeamt*innen | C14: Pütz, David (nebenamtlicher Einstellungsberater) | D14: Am Konvikt 1 | E14: 53545 Linz am Rhein | F14: 026449430 | G14: pilinz.einstellungsberatung@polizei.rlp.de | H14: Smartboard oder Beamer. Möglichkeit von einem USB Stick aus eine Präsentation starten zu können. | I14: 15:30 - 16:15 Uhr; 16:15 - 17:00 Uhr; 17:00 - 17:45 Uhr; 17:45 - 18:30 Uhr
A15: Birkenstock Productions | B15: Elektroniker / Industriemechaniker | C15: Schneider, Andreas Teamleiter Ausbildung) | D15: Industriestraße 25 | E15: 53562 St. Katharinen | F15: 02645/ 135122 | G15: andreas.schneider@birkenstock.com | I15: 15:30 - 16:15 Uhr; 16:15 - 17:00 Uhr; 17:00 - 17:45 Uhr; 17:45 - 18:30 Uhr | J15: 2 | K15: 4 | L15: elektrischer Anschluss
A16: Bundespolizei | B16: Bundespolizist | C16: Diesner, Michael, Polizeihauptkommissar | D16: Johanna-Löwenherz-Straße 2 | E16: 56598 Rheinbrohl | F16: 01751656746 | G16: michael.diesner@polizei.bund.de | H16: PC mit USB Anschluss und Beamer für Video und Powerpointpräsentation | I16: 15:30 - 16:15 Uhr; 16:15 - 17:00 Uhr; 17:00 - 17:45 Uhr; 17:45 - 18:30 Uhr
A17: Nölken Hygiene Products GmbH | B17: Chemikant, Fachlagerist/Fachkraft Lagerlogistik, Fachinformatiker für Systemintegration | C17: Vorstellung durch die Ausbilder! Chemikant: Mario Diede, Fachlagerist/Fachkraft Lagerlogistik: Vitali Huse, Fachinformatiker für Systemintegration: Dirk Bach | D17: Klarenplatz 2 | E17: 53578 Windhagen | F17: 02645/9527-142 | G17: krossa@noelken.de | H17: Beamer | I17: 15:30 - 16:15 Uhr; 16:15 - 17:00 Uhr; 17:00 - 17:45 Uhr
A18: Finanzamt Neuwied | B18: Finanzwirt-in / Diplomfinanzwirt-in | C18: Isaak, Margarete, Mitglied im Ausbildungsteam des FA Neuwied | D18: Augustastr. 70 | E18: 56564 Neuwied | F18: 02631 910 29323 | G18: ausbildung@fa-nr.fin-rlp.de | H18: Beamer wird benötigt | I18: 15:30 - 16:15 Uhr; 16:15 - 17:00 Uhr
A19: Deutsche Raumfahrtagentur im DLR | B19: Physiker | C19: Dr. Bensch, Frank (Deutscher Delegierter bei der Europäischen Weltraumagentur ESA, Fachgruppenleiter Satkom Europäische Programme) | D19: Sonnenstr. 19 | E19: Erpel | F19: 01725877861 | G19: frank@bensch-erpel.de | H19: Bitte Beamer | I19: 16:15 - 17:00 Uhr; 17:00 - 17:45 Uhr; 17:45 - 18:30 Uhr
A20: Verbandsgemeinde Linz am Rhein | B20: Klimaschutz | C20: Andrea Schlüter | D20: Am Schoppbüchel 5 | E20: 53545 Linz am Rhein | F20: 02644560125 | G20: andrea.schlueter@vg-linz.de | I20: 15:30 - 16:15 Uhr; 16:15 - 17:00 Uhr; 17:00 - 17:45 Uhr | J20: 1 | K20: 2
A21: Verbandsgemeinde Linz am Rhein | B21: Jugendvertretung | C21: Pascal Labonde | D21: Am Schoppbüchel 5 | E21: 53545 Linz am Rhein | F21: 02644/5601394 | G21: pascal.labonde@vg-linz.de | I21: 15:30 - 16:15 Uhr; 16:15 - 17:00 Uhr; 17:00 - 17:45 Uhr; 17:45 - 18:30 Uhr | J21: 1 | K21: 1
A22: Niedax GmbH & Co. KG | B22: Werkzeugmechaniker, Industriemechaniker, Elektroniker, Maschinen- u. Anlagenführer, Industriekauffrau | C22: Manuela Schützeichel (stellv. Personalleitung / Ausbildungsleitung) | D22: Asbacher Str. 141 | E22: 53545 Linz/Rhein | F22: 02644 / 5606-717 | G22: manuela.schuetzeichel@niedax.de | J22: 1 | K22: 2 | L22: Stromanschluss
A23: Siebers Sanitär- und Heizungstechnik GmbH | B23: SHK Anlagenmechaniker, Wasser, Wärme, Klima, Lüftung | C23: Markus Bouillon | D23: Am Totenborn 6 | E23: 53545 Linz | F23: 015254129686 | G23: markusbouillon@siebersgmbh.de | J23: 3 | K23: 3 | L23: Steckdose 230V
A24: Bundeswehr | B24: Militärische und zivile Karrieremöglichkeiten | C24: Kunkel, Lisa (Büroleitung Karriereberatungsbüro Bonn) | D24: Königswinterer Straße 556 | E24: 53227 Bonn | F24: 02289471236 | G24: KarrBBBonn@bundeswehr.org | H24: Beamer | I24: 15:30 - 16:15 Uhr; 16:15 - 17:00 Uhr; 17:00 - 17:45 Uhr; 17:45 - 18:30 Uhr | J24: 1 | K24: 0 | L24: Stromanschluss, Standgröße 2x3m
A25: Jade Hochschule | B25: Naturwissenschaftler | C25: Born, Philip (Professor für Physik) | D25: Gut Haanhof 1 | E25: 53572 Unkel | F25: 015157393377 | G25: philip.born@jade-hs.de | H25: Beamer | I25: 16:15 - 17:00 Uhr; 17:00 - 17:45 Uhr; 17:45 - 18:30 Uhr
A26: Hochschule Koblenz | B26: Bachelorstudiengang Management, Führung, Innovation | C26: Weber, Princilia (Wissenschaftliche Mitarbeiterin des Studiengangs Management, Führung, Innovation | D26: Joseph-Rovan-Allee 2 | E26: 53424 | F26: 02642932551 | G26: weber3@hs-koblenz.de | H26: Bitte Beamer, Internetzugang, HDMI Anschluss, genug Raum für Gruppentische | I26: 15:30 - 16:15 Uhr; 16:15 - 17:00 Uhr; 17:00 - 17:45 Uhr
A27: Freudenberg Remagen | B27: Ausbildung und duales Studium im Bereich Metall und Elektronik | C27: Groß Alexander, Ausbildungsleiter | D27: Sinziger Str.47 | E27: 53424 Remagen | F27: 02642933184 | G27: alexander.gross@fst.com | J27: 1 | K27: 2
A28: Sparkasse Neuwied | B28: Bankkaufleute | C28: Anne Bollinger Personalbetreuung | D28: Hermannstr. 20 | E28: 56564 Neuwied | F28: 026318064756 | G28: anne.bollinger@sparkasse-neuwied.de | H28: Beamer | I28: 15:30 - 16:15 Uhr; 16:15 - 17:00 Uhr; 17:00 - 17:45 Uhr; 17:45 - 18:30 Uhr
A29: Bundeswehr | B29: Herzchirurgie | C29: Endlich-Böse, Matthias / Oberarzt | D29: Orsberger Straße, 3 | E29: 53579, Erpel | F29: 017621623696 | G29: matthiasendlich@yahoo.de | H29: Keine | I29: 16:15 - 17:00 Uhr; 17:00 - 17:45 Uhr
A30: Kitz.Kommunikation GmbH | B30: Grafikdesigner | C30: Wölfl,Simon (Senior Artdirector) | D30: Weinbergstraße, r | E30: 53579 Erpel | F30: 015116536393 | G30: simon.design@gmx.de | H30: Ein Beamer würde reichen | I30: 16:15 - 17:00 Uhr; 17:00 - 17:45 Uhr; 17:45 - 18:30 Uhr
A31: Kita Rappelkiste | B31: ErzieherIn | C31: Kuntze Anka, Praxisanleitung, Fachkraft für Kinderperspektive und Personalrat+ Sina Schmitz Erzieherin | D31: Zum schwarzen See 4 | E31: 53547 Dattenberg | F31: 01717675038 | G31: anka.kuntze@gmail.com | H31: Beamer | I31: 16:15 - 17:00 Uhr
A32: Benedikt Feltens Events - Schloss Arenfels | B32: Eventmanager | C32: Feltens Benedikt | D32: Schloss Arenfels 0 | E32: 53557 | F32: 01738374240 | G32: benedikt@feltens-events.de | H32: Beamer und Leinwand wäre super, im besten Fall mit Sound | I32: 15:30 - 16:15 Uhr; 16:15 - 17:00 Uhr; 17:00 - 17:45 Uhr; 17:45 - 18:30 Uhr
A33: Fürstlich Wiedisches Forstamt | B33: Forstwirtschaft | C33: Manns, Benedikt, Forstrevierleiter | D33: Braunsburg 0 | E33: 56584 Anhausen | F33: 01709210126 | G33: bmanns@zuwied.net | J33: 3 | K33: 4 | L33: Halterung für Plakat
A34: Hochschuele Koblenz | B34: Sportmanagement | C34: Sebastian Schneider, wiss. Mitarbeiter, Studiengangkoordinator | D34: Joseph-Rovan-Allee 2 | E34: 53424 Remagen | F34: 02462 932 442 | G34: schneider1@hs-koblenz.de | H34: Beamer | I34: 15:30 - 16:15 Uhr; 16:15 - 17:00 Uhr; 17:00 - 17:45 Uhr; 17:45 - 18:30 Uhr | J34: 1 | K34: 1 | L34: Falls weitere Personen der HS Koblenz, insbesondere des RheinAhrCampus Remagen vor Ort sein sollten, könnte man den Platz gemeinsam nutzen.

Sheet CleanUp
A1: NAME_POSITION | B1: Vorname | C1: Nachname | D1: Anrede | E1: Titel | F1: Position | G1: Anmerkung
A2: Arens, Stephan Dr. Prof. | B2: Stephan | C2: Arens | E2: Dr. Prof.
A3: Schäfer, Martin (Projektleitung finanzielle Förderung) | B3: Martin | C3: Schäfer | F3: Projektleitung finanzielle Förderung
A4: Anke Pagels-Kerp, Raumfahrtvorstand | B4: Anke | C4: Pagels-Kerp | F4: Raumfahrtvorstand
A5: Schneider, Christian, Angestellter | B5: Christian | C5: Schneider | F5: Angestellter
A6: Lehrperson an der OTA/ATA Schule | F6: Lehrperson an der OTA/ATA Schule | G6: Kein Name erkennbar, nur Funktionsbeschreibung
A7: Verbundkrankenhaus Linz-Remagen/ Pflegefachschule Linz-Remagen | G7: Kein Name erkennbar – Einrichtungsbezeichnung: "Verbundkrankenhaus Linz-Remagen/ Pflegefachschule Linz-Remagen"
A8: König, Bianca Recruiting/Personalgewinnung | B8: Bianca | C8: König | F8: Recruiting/Personalgewinnung
A9: Kira Brauer | B9: Kira | C9: Brauer
A10: Diederich, Luci - Teil der Geschäftsleitung | Leitung Qualitätsmanagement, Qualitätssicherung & Produktentwicklung | B10: Luci | C10: Diederich | F10: Teil der Geschäftsleitung / Leitung Qualitätsmanagement, Qualitätssicherung & Produktentwicklung
A11: Kloth, Sarah | B11: Sarah | C11: Kloth
A12: Florian Metzler - Leiter des BZs | B12: Florian | C12: Metzler | F12: Leiter des BZs
A13: Michael Jung, Geschäftsstellenleiter u. Florian Heumann, Organisationsleiter | B13: Michael | C13: Jung | F13: Geschäftsstellenleiter | G13: weitere Person: Florian Heumann, Organisationsleiter
A14: Pütz, David (nebenamtlicher Einstellungsberater) | B14: David | C14: Pütz | F14: nebenamtlicher Einstellungsberater
A15: Schneider, Andreas Teamleiter Ausbildung) | B15: Andreas | C15: Schneider | F15: Teamleiter Ausbildung
A16: Diesner, Michael, Polizeihauptkommissar | B16: Michael | C16: Diesner | F16: Polizeihauptkommissar
A17: Vorstellung durch die Ausbilder! Chemikant: Mario Diede, Fachlagerist/Fachkraft Lagerlogistik: Vitali Huse, Fachinformatiker für Systemintegration: Dirk Bach | B17: Mario | C17: Diede | F17: Chemikant | G17: Aus Sammelzeile "Vorstellung durch die Ausbilder!..."; weitere Personen: Vitali Huse (Fachlagerist/Fachkraft Lagerlogistik), Dirk Bach (Fachinformatiker für Systemintegration)
A18: Isaak, Margarete, Mitglied im Ausbildungsteam des FA Neuwied | B18: Margarete | C18: Isaak | F18: Mitglied im Ausbildungsteam des FA Neuwied
A19: Dr. Bensch, Frank (Deutscher Delegierter bei der Europäischen Weltraumagentur ESA, Fachgruppenleiter Satkom Europäische Programme) | B19: Frank | C19: Bensch | D19: Dr. | F19: Deutscher Delegierter bei der Europäischen Weltraumagentur ESA, Fachgruppenleiter Satkom Europäische Programme
A20: Andrea Schlüter | B20: Andrea | C20: Schlüter
A21: Pascal Labonde | B21: Pascal | C21: Labonde
A22: Manuela Schützeichel (stellv. Personalleitung / Ausbildungsleitung) | B22: Manuela | C22: Schützeichel | F22: stellv. Personalleitung / Ausbildungsleitung
A23: Markus Bouillon | B23: Markus | C23: Bouillon
A24: Kunkel, Lisa (Büroleitung Karriereberatungsbüro Bonn) | B24: Lisa | C24: Kunkel | F24: Büroleitung Karriereberatungsbüro Bonn
A25: Born, Philip (Professor für Physik) | B25: Philip | C25: Born | F25: Professor für Physik
A26: Weber, Princilia (Wissenschaftliche Mitarbeiterin des Studiengangs Management, Führung, Innovation | B26: Princilia | C26: Weber | F26: Wissenschaftliche Mitarbeiterin des Studiengangs Management, Führung, Innovation | G26: Klammer im Original nicht geschlossen
A27: Groß Alexander, Ausbildungsleiter | B27: Alexander | C27: Groß | F27: Ausbildungsleiter | G27: Reihenfolge im Original unklar ("Groß Alexander" – ungewöhnlich); hier als Vorname Alexander, Nachname Groß interpretiert
A28: Anne Bollinger Personalbetreuung | B28: Anne | C28: Bollinger | F28: Personalbetreuung
A29: Endlich-Böse, Matthias / Oberarzt | B29: Matthias | C29: Endlich-Böse | F29: Oberarzt
A30: Wölfl,Simon (Senior Artdirector) | B30: Simon | C30: Wölfl | F30: Senior Artdirector
A31: Kuntze Anka, Praxisanleitung, Fachkraft für Kinderperspektive und Personalrat+ Sina Schmitz Erzieherin | B31: Anka | C31: Kuntze | F31: Praxisanleitung, Fachkraft für Kinderperspektive und Personalrat | G31: weitere Person: Sina Schmitz, Erzieherin
A32: Feltens Benedikt | B32: Benedikt | C32: Feltens
A33: Manns, Benedikt, Forstrevierleiter | B33: Benedikt | C33: Manns | F33: Forstrevierleiter
A34: Sebastian Schneider, wiss. Mitarbeiter, Studiengangkoordinator | B34: Sebastian | C34: Schneider | F34: wiss. Mitarbeiter, Studiengangkoordinator

Sheet referenten
A1: Key | B1: Vorname | C1: Nachname | D1: Email | E1: Position | F1: Organisation | G1: Slogan | H1: Biografie | I1: CSV
A2: =Worksheet!C2 -> Arens, Stephan Dr. Prof. | B2: =VLOOKUP($A2,Tabelle1[#All],2,FALSE) -> Stephan | C2: =VLOOKUP($A2,Tabelle1[#All],3,FALSE) -> Arens | D2: =VLOOKUP($A2,Worksheet!$C$1:$G$34,5,FALSE) -> stephan.arens@th-koeln.de | E2: =VLOOKUP($A2,Tabelle1[#All],6,FALSE) -> 0 | F2: =_xlfn.XLOOKUP($A2,Worksheet!C:C,Worksheet!A:A) -> TH Köln | I2: =_xlfn.TEXTJOIN(";",FALSE,B2:H2) -> Stephan;Arens;stephan.arens@th-koeln.de;0;TH Köln ;;
A3: =Worksheet!C3 -> Schäfer, Martin (Projektleitung finanzielle Förderung) | B3: =VLOOKUP($A3,Tabelle1[#All],2,FALSE) -> Martin | C3: =VLOOKUP($A3,Tabelle1[#All],3,FALSE) -> Schäfer | D3: =VLOOKUP($A3,Worksheet!$C$1:$G$34,5,FALSE) -> mart.schaefer@gmail.com | E3: =VLOOKUP($A3,Tabelle1[#All],6,FALSE) -> Projektleitung finanzielle Förderung | F3: =_xlfn.XLOOKUP($A3,Worksheet!C:C,Worksheet!A:A) -> Engagement Global gGmbH | I3: =_xlfn.TEXTJOIN(";",FALSE,B3:H3) -> Martin;Schäfer;mart.schaefer@gmail.com;Projektleitung finanzielle Förderung;Engagement Global gGmbH;;
A4: =Worksheet!C4 -> Anke Pagels-Kerp, Raumfahrtvorstand | B4: =VLOOKUP($A4,Tabelle1[#All],2,FALSE) -> Anke | C4: =VLOOKUP($A4,Tabelle1[#All],3,FALSE) -> Pagels-Kerp | D4: =VLOOKUP($A4,Worksheet!$C$1:$G$34,5,FALSE) -> anke.pagels-kerp@dlr.de | E4: =VLOOKUP($A4,Tabelle1[#All],6,FALSE) -> Raumfahrtvorstand | F4: =_xlfn.XLOOKUP($A4,Worksheet!C:C,Worksheet!A:A) -> Deutsches Zentrum für Luft- und Raumfahrt | I4: =_xlfn.TEXTJOIN(";",FALSE,B4:H4) -> Anke;Pagels-Kerp;anke.pagels-kerp@dlr.de;Raumfahrtvorstand;Deutsches Zentrum für Luft- und Raumfahrt;;
A5: =Worksheet!C5 -> Schneider, Christian, Angestellter | B5: =VLOOKUP($A5,Tabelle1[#All],2,FALSE) -> Christian | C5: =VLOOKUP($A5,Tabelle1[#All],3,FALSE) -> Schneider | D5: =VLOOKUP($A5,Worksheet!$C$1:$G$34,5,FALSE) -> chrisumilgl@freenet.de | E5: =VLOOKUP($A5,Tabelle1[#All],6,FALSE) -> Angestellter | F5: =_xlfn.XLOOKUP($A5,Worksheet!C:C,Worksheet!A:A) -> ASUC GmbH | I5: =_xlfn.TEXTJOIN(";",FALSE,B5:H5) -> Christian;Schneider;chrisumilgl@freenet.de;Angestellter;ASUC GmbH ;;
A6: =Worksheet!C6 -> Lehrperson an der OTA/ATA Schule | B6: Madleen | C6: Schneider | D6: =VLOOKUP($A6,Worksheet!$C$1:$G$34,5,FALSE) -> madleen883.schneider@gmx.de | E6: =VLOOKUP($A6,Tabelle1[#All],6,FALSE) -> Lehrperson an der OTA/ATA Schule | F6: =_xlfn.XLOOKUP($A6,Worksheet!C:C,Worksheet!A:A) -> Uniklinik Bonn | I6: =_xlfn.TEXTJOIN(";",FALSE,B6:H6) -> Madleen;Schneider;madleen883.schneider@gmx.de;Lehrperson an der OTA/ATA Schule;Uniklinik Bonn;;
A7: =Worksheet!C7 -> Verbundkrankenhaus Linz-Remagen/ Pflegefachschule Linz-Remagen | B7: Katharina | C7: Heidrich | D7: =VLOOKUP($A7,Worksheet!$C$1:$G$34,5,FALSE) -> kheidrich@pflegefachschule-linz.de | E7: =VLOOKUP($A7,Tabelle1[#All],6,FALSE) -> 0 | F7: =_xlfn.XLOOKUP($A7,Worksheet!C:C,Worksheet!A:A) -> Verbundkrankenhaus Linz-Remagen/ Pflegefachschule Linz-Remagen | I7: =_xlfn.TEXTJOIN(";",FALSE,B7:H7) -> Katharina;Heidrich;kheidrich@pflegefachschule-linz.de;0;Verbundkrankenhaus Linz-Remagen/ Pflegefachschule Linz-Remagen;;
A8: =Worksheet!C8 -> König, Bianca Recruiting/Personalgewinnung | B8: =VLOOKUP($A8,Tabelle1[#All],2,FALSE) -> Bianca | C8: =VLOOKUP($A8,Tabelle1[#All],3,FALSE) -> König | D8: =VLOOKUP($A8,Worksheet!$C$1:$G$34,5,FALSE) -> bianca-eileen.koenig@vr-rae.de | E8: =VLOOKUP($A8,Tabelle1[#All],6,FALSE) -> Recruiting/Personalgewinnung | F8: =_xlfn.XLOOKUP($A8,Worksheet!C:C,Worksheet!A:A) -> VR Bank RheinAhrEifel eG | I8: =_xlfn.TEXTJOIN(";",FALSE,B8:H8) -> Bianca;König;bianca-eileen.koenig@vr-rae.de;Recruiting/Personalgewinnung;VR Bank RheinAhrEifel eG;;
A9: =Worksheet!C9 -> Kira Brauer | B9: =VLOOKUP($A9,Tabelle1[#All],2,FALSE) -> Kira | C9: =VLOOKUP($A9,Tabelle1[#All],3,FALSE) -> Brauer | D9: =VLOOKUP($A9,Worksheet!$C$1:$G$34,5,FALSE) -> messenverwaltung@brillux.de | E9: =VLOOKUP($A9,Tabelle1[#All],6,FALSE) -> 0 | F9: =_xlfn.XLOOKUP($A9,Worksheet!C:C,Worksheet!A:A) -> Brillux GmbH & Co. KG, Niederlassung Neuwied | I9: =_xlfn.TEXTJOIN(";",FALSE,B9:H9) -> Kira;Brauer;messenverwaltung@brillux.de;0;Brillux GmbH & Co. KG, Niederlassung Neuwied;;
A10: =Worksheet!C10 -> Diederich, Luci - Teil der Geschäftsleitung | Leitung Qualitätsmanagement, Qualitätssicherung & Produktentwicklung | B10: =VLOOKUP($A10,Tabelle1[#All],2,FALSE) -> Luci | C10: =VLOOKUP($A10,Tabelle1[#All],3,FALSE) -> Diederich | D10: =VLOOKUP($A10,Worksheet!$C$1:$G$34,5,FALSE) -> l.diederich@coppeneur.de | E10: =VLOOKUP($A10,Tabelle1[#All],6,FALSE) -> Teil der Geschäftsleitung / Leitung Qualitätsmanagement, Qualitätssicherung & Produktentwicklung | F10: =_xlfn.XLOOKUP($A10,Worksheet!C:C,Worksheet!A:A) -> Confiserie Coppeneur et Compagnon GmbH | I10: =_xlfn.TEXTJOIN(";",FALSE,B10:H10) -> Luci;Diederich;l.diederich@coppeneur.de;Teil der Geschäftsleitung / Leitung Qualitätsmanagement, Qualitätssicherung & Produktentwicklung;Confiserie Coppeneur et Compagnon GmbH ;;
A11: =Worksheet!C11 -> Kloth, Sarah | B11: =VLOOKUP($A11,Tabelle1[#All],2,FALSE) -> Sarah | C11: =VLOOKUP($A11,Tabelle1[#All],3,FALSE) -> Kloth | D11: =VLOOKUP($A11,Worksheet!$C$1:$G$34,5,FALSE) -> sarah.kloth@h-brs.de | E11: =VLOOKUP($A11,Tabelle1[#All],6,FALSE) -> 0 | F11: =_xlfn.XLOOKUP($A11,Worksheet!C:C,Worksheet!A:A) -> Hochschule Bonn-Rhein-Sieg | I11: =_xlfn.TEXTJOIN(";",FALSE,B11:H11) -> Sarah;Kloth;sarah.kloth@h-brs.de;0;Hochschule Bonn-Rhein-Sieg;;
A12: =Worksheet!C12 -> Florian Metzler - Leiter des BZs | B12: =VLOOKUP($A12,Tabelle1[#All],2,FALSE) -> Florian | C12: =VLOOKUP($A12,Tabelle1[#All],3,FALSE) -> Metzler | D12: =VLOOKUP($A12,Worksheet!$C$1:$G$34,5,FALSE) -> joanna.fait@marienhaus.de | E12: =VLOOKUP($A12,Tabelle1[#All],6,FALSE) -> Leiter des BZs | F12: =_xlfn.XLOOKUP($A12,Worksheet!C:C,Worksheet!A:A) -> Rheinisches Bildungszentrum | I12: =_xlfn.TEXTJOIN(";",FALSE,B12:H12) -> Florian;Metzler;joanna.fait@marienhaus.de;Leiter des BZs;Rheinisches Bildungszentrum;;
A13: =Worksheet!C13 -> Michael Jung, Geschäftsstellenleiter u. Florian Heumann, Organisationsleiter | B13: =VLOOKUP($A13,Tabelle1[#All],2,FALSE) -> Michael | C13: =VLOOKUP($A13,Tabelle1[#All],3,FALSE) -> Jung | D13: =VLOOKUP($A13,Worksheet!$C$1:$G$34,5,FALSE) -> Michael.Jung@debeka.de | E13: =VLOOKUP($A13,Tabelle1[#All],6,FALSE) -> Geschäftsstellenleiter | F13: =_xlfn.XLOOKUP($A13,Worksheet!C:C,Worksheet!A:A) -> Debeka Krankenversicherungsverein a. G. | I13: =_xlfn.TEXTJOIN(";",FALSE,B13:H13) -> Michael;Jung;Michael.Jung@debeka.de;Geschäftsstellenleiter;Debeka Krankenversicherungsverein a. G.;;
A14: =Worksheet!C14 -> Pütz, David (nebenamtlicher Einstellungsberater) | B14: =VLOOKUP($A14,Tabelle1[#All],2,FALSE) -> David | C14: =VLOOKUP($A14,Tabelle1[#All],3,FALSE) -> Pütz | D14: =VLOOKUP($A14,Worksheet!$C$1:$G$34,5,FALSE) -> pilinz.einstellungsberatung@polizei.rlp.de | E14: =VLOOKUP($A14,Tabelle1[#All],6,FALSE) -> nebenamtlicher Einstellungsberater | F14: =_xlfn.XLOOKUP($A14,Worksheet!C:C,Worksheet!A:A) -> Polizei Rheinland Pfalz - PI Linz am Rhein | I14: =_xlfn.TEXTJOIN(";",FALSE,B14:H14) -> David;Pütz;pilinz.einstellungsberatung@polizei.rlp.de;nebenamtlicher Einstellungsberater;Polizei Rheinland Pfalz - PI Linz am Rhein;;
A15: =Worksheet!C15 -> Schneider, Andreas Teamleiter Ausbildung) | B15: =VLOOKUP($A15,Tabelle1[#All],2,FALSE) -> Andreas | C15: =VLOOKUP($A15,Tabelle1[#All],3,FALSE) -> Schneider | D15: =VLOOKUP($A15,Worksheet!$C$1:$G$34,5,FALSE) -> andreas.schneider@birkenstock.com | E15: =VLOOKUP($A15,Tabelle1[#All],6,FALSE) -> Teamleiter Ausbildung | F15: =_xlfn.XLOOKUP($A15,Worksheet!C:C,Worksheet!A:A) -> Birkenstock Productions | I15: =_xlfn.TEXTJOIN(";",FALSE,B15:H15) -> Andreas;Schneider;andreas.schneider@birkenstock.com;Teamleiter Ausbildung;Birkenstock Productions;;
A16: =Worksheet!C16 -> Diesner, Michael, Polizeihauptkommissar | B16: =VLOOKUP($A16,Tabelle1[#All],2,FALSE) -> Michael | C16: =VLOOKUP($A16,Tabelle1[#All],3,FALSE) -> Diesner | D16: =VLOOKUP($A16,Worksheet!$C$1:$G$34,5,FALSE) -> michael.diesner@polizei.bund.de | E16: =VLOOKUP($A16,Tabelle1[#All],6,FALSE) -> Polizeihauptkommissar | F16: =_xlfn.XLOOKUP($A16,Worksheet!C:C,Worksheet!A:A) -> Bundespolizei | I16: =_xlfn.TEXTJOIN(";",FALSE,B16:H16) -> Michael;Diesner;michael.diesner@polizei.bund.de;Polizeihauptkommissar;Bundespolizei ;;
A17: =Worksheet!C17 -> Vorstellung durch die Ausbilder! Chemikant: Mario Diede, Fachlagerist/Fachkraft Lagerlogistik: Vitali Huse, Fachinformatiker für Systemintegration: Dirk Bach | B17: =VLOOKUP($A17,Tabelle1[#All],2,FALSE) -> Mario | C17: =VLOOKUP($A17,Tabelle1[#All],3,FALSE) -> Diede | D17: =VLOOKUP($A17,Worksheet!$C$1:$G$34,5,FALSE) -> krossa@noelken.de | E17: =VLOOKUP($A17,Tabelle1[#All],6,FALSE) -> Chemikant | F17: =_xlfn.XLOOKUP($A17,Worksheet!C:C,Worksheet!A:A) -> Nölken Hygiene Products GmbH | I17: =_xlfn.TEXTJOIN(";",FALSE,B17:H17) -> Mario;Diede;krossa@noelken.de;Chemikant;Nölken Hygiene Products GmbH;;
A18: =Worksheet!C18 -> Isaak, Margarete, Mitglied im Ausbildungsteam des FA Neuwied | B18: =VLOOKUP($A18,Tabelle1[#All],2,FALSE) -> Margarete | C18: =VLOOKUP($A18,Tabelle1[#All],3,FALSE) -> Isaak | D18: =VLOOKUP($A18,Worksheet!$C$1:$G$34,5,FALSE) -> ausbildung@fa-nr.fin-rlp.de | E18: =VLOOKUP($A18,Tabelle1[#All],6,FALSE) -> Mitglied im Ausbildungsteam des FA Neuwied | F18: =_xlfn.XLOOKUP($A18,Worksheet!C:C,Worksheet!A:A) -> Finanzamt Neuwied | I18: =_xlfn.TEXTJOIN(";",FALSE,B18:H18) -> Margarete;Isaak;ausbildung@fa-nr.fin-rlp.de;Mitglied im Ausbildungsteam des FA Neuwied;Finanzamt Neuwied;;
A19: =Worksheet!C19 -> Dr. Bensch, Frank (Deutscher Delegierter bei der Europäischen Weltraumagentur ESA, Fachgruppenleiter Satkom Europäische Programme) | B19: =VLOOKUP($A19,Tabelle1[#All],2,FALSE) -> Frank | C19: =VLOOKUP($A19,Tabelle1[#All],3,FALSE) -> Bensch | D19: =VLOOKUP($A19,Worksheet!$C$1:$G$34,5,FALSE) -> frank@bensch-erpel.de | E19: =VLOOKUP($A19,Tabelle1[#All],6,FALSE) -> Deutscher Delegierter bei der Europäischen Weltraumagentur ESA, Fachgruppenleiter Satkom Europäische Programme | F19: =_xlfn.XLOOKUP($A19,Worksheet!C:C,Worksheet!A:A) -> Deutsche Raumfahrtagentur im DLR | I19: =_xlfn.TEXTJOIN(";",FALSE,B19:H19) -> Frank;Bensch;frank@bensch-erpel.de;Deutscher Delegierter bei der Europäischen Weltraumagentur ESA, Fachgruppenleiter Satkom Europäische Programme;Deutsche Raumfahrtagentur im DLR;;
... A34: =Worksheet!C34 -> Sebastian Schneider, wiss. Mitarbeiter, Studiengangkoordinator | B34: =VLOOKUP($A34,Tabelle1[#All],2,FALSE) -> Sebastian | C34: =VLOOKUP($A34,Tabelle1[#All],3,FALSE) -> Schneider | D34: =VLOOKUP($A34,Worksheet!$C$1:$G$34,5,FALSE) -> schneider1@hs-koblenz.de | E34: =VLOOKUP($A34,Tabelle1[#All],6,FALSE) -> wiss. Mitarbeiter, Studiengangkoordinator | F34: =_xlfn.XLOOKUP($A34,Worksheet!C:C,Worksheet!A:A) -> Hochschuele Koblenz | I34: =_xlfn.TEXTJOIN(";",FALSE,B34:H34) -> Sebastian;Schneider;schneider1@hs-koblenz.de;wiss. Mitarbeiter, Studiengangkoordinator;Hochschuele Koblenz;;

Sheet Vorträge
A1: Key | B1: istPflicht | C1: Titel | D1: Referent_Email | E1: wahlSlots | F1: Inhalt | G1: wiederholbar | H1: maxWiederholungen | I1: Pflichtgruppe | J1: Pflichtraum | K1: Pflichtslot | L1: Ausstattung | M1: Berufsfeld | N1: CSV
A2: =Worksheet!C2 -> Arens, Stephan Dr. Prof. | B2: false | C2: =_xlfn.XLOOKUP($A2,Worksheet!$C:$C,Worksheet!B:B) -> Rechtsanwalt / Jura Studium / Studium Wirtschaftsrecht | D2: =_xlfn.XLOOKUP($A2,Worksheet!$C:$C,Worksheet!G:G) -> stephan.arens@th-koeln.de | E2: 1,2,3,4 | F2: =C2 -> Rechtsanwalt / Jura Studium / Studium Wirtschaftsrecht | G2: true | H2: 2 | L2: Beamer | N2: =_xlfn.TEXTJOIN(";",FALSE,B2:M2) -> false;Rechtsanwalt / Jura Studium / Studium Wirtschaftsrecht ;stephan.arens@th-koeln.de;1,2,3,4;Rechtsanwalt / Jura Studium / Studium Wirtschaftsrecht ;true;2;;;;Beamer;
A3: =Worksheet!C3 -> Schäfer, Martin (Projektleitung finanzielle Förderung) | B3: false | C3: =_xlfn.XLOOKUP($A3,Worksheet!$C:$C,Worksheet!B:B) -> Entwicklungszusammenarbeit | D3: =_xlfn.XLOOKUP($A3,Worksheet!$C:$C,Worksheet!G:G) -> mart.schaefer@gmail.com | E3: 1,2,3,4 | F3: =C3 -> Entwicklungszusammenarbeit | G3: true | H3: 2 | L3: Beamer | N3: =_xlfn.TEXTJOIN(";",FALSE,B3:M3) -> false;Entwicklungszusammenarbeit ;mart.schaefer@gmail.com;1,2,3,4;Entwicklungszusammenarbeit ;true;2;;;;Beamer;
A4: =Worksheet!C4 -> Anke Pagels-Kerp, Raumfahrtvorstand | B4: false | C4: =_xlfn.XLOOKUP($A4,Worksheet!$C:$C,Worksheet!B:B) -> Luft- und Raumfahrtingenieur | D4: =_xlfn.XLOOKUP($A4,Worksheet!$C:$C,Worksheet!G:G) -> anke.pagels-kerp@dlr.de | E4: 1,2,3,4 | F4: =C4 -> Luft- und Raumfahrtingenieur | G4: true | H4: 2 | L4: Beamer | N4: =_xlfn.TEXTJOIN(";",FALSE,B4:M4) -> false;Luft- und Raumfahrtingenieur;anke.pagels-kerp@dlr.de;1,2,3,4;Luft- und Raumfahrtingenieur;true;2;;;;Beamer;
A5: =Worksheet!C5 -> Schneider, Christian, Angestellter | B5: false | C5: =_xlfn.XLOOKUP($A5,Worksheet!$C:$C,Worksheet!B:B) -> Fachkraft für Arbeitssicherheit | D5: =_xlfn.XLOOKUP($A5,Worksheet!$C:$C,Worksheet!G:G) -> chrisumilgl@freenet.de | E5: 1,2,3,4 | F5: =C5 -> Fachkraft für Arbeitssicherheit | G5: true | H5: 2 | L5: Beamer | N5: =_xlfn.TEXTJOIN(";",FALSE,B5:M5) -> false;Fachkraft für Arbeitssicherheit ;chrisumilgl@freenet.de;1,2,3,4;Fachkraft für Arbeitssicherheit ;true;2;;;;Beamer;
A6: =Worksheet!C6 -> Lehrperson an der OTA/ATA Schule | B6: false | C6: =_xlfn.XLOOKUP($A6,Worksheet!$C:$C,Worksheet!B:B) -> Operationstechnische/Anästhesietechnische Assistenz | D6: =_xlfn.XLOOKUP($A6,Worksheet!$C:$C,Worksheet!G:G) -> madleen883.schneider@gmx.de | E6: 1,2,3,4 | F6: =C6 -> Operationstechnische/Anästhesietechnische Assistenz | G6: true | H6: 2 | L6: Beamer | N6: =_xlfn.TEXTJOIN(";",FALSE,B6:M6) -> false;Operationstechnische/Anästhesietechnische Assistenz;madleen883.schneider@gmx.de;1,2,3,4;Operationstechnische/Anästhesietechnische Assistenz;true;2;;;;Beamer;
A7: =Worksheet!C7 -> Verbundkrankenhaus Linz-Remagen/ Pflegefachschule Linz-Remagen | B7: false | C7: =_xlfn.XLOOKUP($A7,Worksheet!$C:$C,Worksheet!B:B) -> Pflegefachmann/Pflegefachfrau; medizinische Fachangestellte; operationstechnische Assistenten; medizinische Technologie für Radiologie; medizinische Technologie für Laboratoriumsanalytik; Pharmazeutisch technische Angestellte oder p. kaufmännische Angestellte | D7: =_xlfn.XLOOKUP($A7,Worksheet!$C:$C,Worksheet!G:G) -> kheidrich@pflegefachschule-linz.de | E7: 1,2,3,4 | F7: =C7 -> Pflegefachmann/Pflegefachfrau; medizinische Fachangestellte; operationstechnische Assistenten; medizinische Technologie für Radiologie; medizinische Technologie für Laboratoriumsanalytik; Pharmazeutisch technische Angestellte oder p. kaufmännische Angestellte | G7: true | H7: 2 | L7: Beamer | N7: =_xlfn.TEXTJOIN(";",FALSE,B7:M7) -> false;Pflegefachmann/Pflegefachfrau; medizinische Fachangestellte; operationstechnische Assistenten; medizinische Technologie für Radiologie; medizinische Technologie für Laboratoriumsanalytik; Pharmazeutisch technische Angestellte oder p. kaufmännische Angestellte;kheidrich@pflegefachschule-linz.de;1,2,3,4;Pflegefachmann/Pflegefachfrau; medizinische Fachangestellte; operationstechnische Assistenten; medizinische Technologie für Radiologie; medizinische Technologie für Laboratoriumsanalytik; Pharmazeutisch technische Angestellte oder p. kaufmännische Angestellte;true;2;;;;Beamer;
A8: =Worksheet!C8 -> König, Bianca Recruiting/Personalgewinnung | B8: false | C8: =_xlfn.XLOOKUP($A8,Worksheet!$C:$C,Worksheet!B:B) -> Bankkaufmann/ Bankkauffrau | D8: =_xlfn.XLOOKUP($A8,Worksheet!$C:$C,Worksheet!G:G) -> bianca-eileen.koenig@vr-rae.de | E8: 1,2,3,4 | F8: =C8 -> Bankkaufmann/ Bankkauffrau | G8: true | H8: 2 | L8: Beamer | N8: =_xlfn.TEXTJOIN(";",FALSE,B8:M8) -> false;Bankkaufmann/ Bankkauffrau ;bianca-eileen.koenig@vr-rae.de;1,2,3,4;Bankkaufmann/ Bankkauffrau ;true;2;;;;Beamer;
A9: =Worksheet!C9 -> Kira Brauer | B9: false | C9: =_xlfn.XLOOKUP($A9,Worksheet!$C:$C,Worksheet!B:B) -> Kaufmann (m/w/d) für Groß- und Außenhandelsmanagement | D9: =_xlfn.XLOOKUP($A9,Worksheet!$C:$C,Worksheet!G:G) -> messenverwaltung@brillux.de | E9: 1,2,3,4 | F9: =C9 -> Kaufmann (m/w/d) für Groß- und Außenhandelsmanagement | G9: true | H9: 2 | L9: Beamer | N9: =_xlfn.TEXTJOIN(";",FALSE,B9:M9) -> false;Kaufmann (m/w/d) für Groß- und Außenhandelsmanagement;messenverwaltung@brillux.de;1,2,3,4;Kaufmann (m/w/d) für Groß- und Außenhandelsmanagement;true;2;;;;Beamer;
A10: =Worksheet!C10 -> Diederich, Luci - Teil der Geschäftsleitung | Leitung Qualitätsmanagement, Qualitätssicherung & Produktentwicklung | B10: false | C10: =_xlfn.XLOOKUP($A10,Worksheet!$C:$C,Worksheet!B:B) -> Süßwarentechnologie | Lebensmittelchemie | Industriekaufleute | D10: =_xlfn.XLOOKUP($A10,Worksheet!$C:$C,Worksheet!G:G) -> l.diederich@coppeneur.de | E10: 1,2,3,4 | F10: =C10 -> Süßwarentechnologie | Lebensmittelchemie | Industriekaufleute | G10: true | H10: 2 | L10: Beamer | N10: =_xlfn.TEXTJOIN(";",FALSE,B10:M10) -> false;Süßwarentechnologie | Lebensmittelchemie | Industriekaufleute ;l.diederich@coppeneur.de;1,2,3,4;Süßwarentechnologie | Lebensmittelchemie | Industriekaufleute ;true;2;;;;Beamer;
A11: =Worksheet!C11 -> Kloth, Sarah | B11: false | C11: =_xlfn.XLOOKUP($A11,Worksheet!$C:$C,Worksheet!B:B) -> Allgemeine Studienorientierung, Bewerbung an der H-BRS | D11: =_xlfn.XLOOKUP($A11,Worksheet!$C:$C,Worksheet!G:G) -> sarah.kloth@h-brs.de | E11: 1,2,3,4 | F11: =C11 -> Allgemeine Studienorientierung, Bewerbung an der H-BRS | G11: true | H11: 2 | L11: Beamer | N11: =_xlfn.TEXTJOIN(";",FALSE,B11:M11) -> false;Allgemeine Studienorientierung, Bewerbung an der H-BRS;sarah.kloth@h-brs.de;1,2,3,4;Allgemeine Studienorientierung, Bewerbung an der H-BRS;true;2;;;;Beamer;
A12: =Worksheet!C12 -> Florian Metzler - Leiter des BZs | B12: false | C12: =_xlfn.XLOOKUP($A12,Worksheet!$C:$C,Worksheet!B:B) -> Anästhesietechnischer Assistent/ Operationstechnischer Assistent/ Generalistische Pflegeausbildung/ Medizinischer Technologe in der Radiologie/ Physiotherapeut | D12: =_xlfn.XLOOKUP($A12,Worksheet!$C:$C,Worksheet!G:G) -> joanna.fait@marienhaus.de | E12: 1,2,3,4 | F12: =C12 -> Anästhesietechnischer Assistent/ Operationstechnischer Assistent/ Generalistische Pflegeausbildung/ Medizinischer Technologe in der Radiologie/ Physiotherapeut | G12: true | H12: 2 | L12: Beamer | N12: =_xlfn.TEXTJOIN(";",FALSE,B12:M12) -> false;Anästhesietechnischer Assistent/ Operationstechnischer Assistent/ Generalistische Pflegeausbildung/ Medizinischer Technologe in der Radiologie/ Physiotherapeut;joanna.fait@marienhaus.de;1,2,3,4;Anästhesietechnischer Assistent/ Operationstechnischer Assistent/ Generalistische Pflegeausbildung/ Medizinischer Technologe in der Radiologie/ Physiotherapeut;true;2;;;;Beamer;
A13: =Worksheet!C13 -> Michael Jung, Geschäftsstellenleiter u. Florian Heumann, Organisationsleiter | B13: false | C13: =_xlfn.XLOOKUP($A13,Worksheet!$C:$C,Worksheet!B:B) -> Kaufmann/-frau für Versicherungen und Finanzen | D13: =_xlfn.XLOOKUP($A13,Worksheet!$C:$C,Worksheet!G:G) -> Michael.Jung@debeka.de | E13: 1,2,3,4 | F13: =C13 -> Kaufmann/-frau für Versicherungen und Finanzen | G13: true | H13: 2 | L13: Beamer | N13: =_xlfn.TEXTJOIN(";",FALSE,B13:M13) -> false;Kaufmann/-frau für Versicherungen und Finanzen;Michael.Jung@debeka.de;1,2,3,4;Kaufmann/-frau für Versicherungen und Finanzen;true;2;;;;Beamer;
... A34: =Worksheet!C34 -> Sebastian Schneider, wiss. Mitarbeiter, Studiengangkoordinator | B34: false | C34: =_xlfn.XLOOKUP($A34,Worksheet!$C:$C,Worksheet!B:B) -> Sportmanagement | D34: =_xlfn.XLOOKUP($A34,Worksheet!$C:$C,Worksheet!G:G) -> schneider1@hs-koblenz.de | E34: 1,2,3,4 | F34: =C34 -> Sportmanagement | G34: true | H34: 2 | L34: Beamer | N34: =_xlfn.TEXTJOIN(";",FALSE,B34:M34) -> false;Sportmanagement;schneider1@hs-koblenz.de;1,2,3,4;Sportmanagement;true;2;;;;Beamer;
