Workbook

Sheet Räume
A1: Raumname | B1: Geschoss | C1: Kapazität
A2: 114 | B2: 1.OG | C2: 25 | D2: =A2&":"&B2&":"&C2 -> 114:1.OG:25
A3: 115 | B3: 1.OG | C3: 25 | D3: =A3&":"&B3&":"&C3 -> 115:1.OG:25
A4: 116 | B4: 1.OG | C4: 25 | D4: =A4&":"&B4&":"&C4 -> 116:1.OG:25
A5: 118 | B5: 1.OG | C5: 25 | D5: =A5&":"&B5&":"&C5 -> 118:1.OG:25
A6: 119 | B6: 1.OG | C6: 25 | D6: =A6&":"&B6&":"&C6 -> 119:1.OG:25
A7: 120 | B7: 1.OG | C7: 25 | D7: =A7&":"&B7&":"&C7 -> 120:1.OG:25
A8: 122 | B8: 1.OG | C8: 25 | D8: =A8&":"&B8&":"&C8 -> 122:1.OG:25
A9: 123 | B9: 1.OG | C9: 25 | D9: =A9&":"&B9&":"&C9 -> 123:1.OG:25
A10: 201 | B10: 2.OG | C10: 25 | D10: =A10&":"&B10&":"&C10 -> 201:2.OG:25
A11: 210 | B11: 2.OG | C11: 25 | D11: =A11&":"&B11&":"&C11 -> 210:2.OG:25
A12: 211 | B12: 2.OG | C12: 25 | D12: =A12&":"&B12&":"&C12 -> 211:2.OG:25
A13: 212 | B13: 2.OG | C13: 25 | D13: =A13&":"&B13&":"&C13 -> 212:2.OG:25
... A31: 319 | B31: 3.OG | C31: 25 | D31: =A31&":"&B31&":"&C31 -> 319:3.OG:25
A34: Räume
A35: =_xlfn.TEXTJOIN("|",TRUE,D2:D31) -> 114:1.OG:25|115:1.OG:25|116:1.OG:25|118:1.OG:25|119:1.OG:25|120:1.OG:25|122:1.OG:25|123:1.OG:25|201:2.OG:25|210:2.OG:25|211:2.OG:25|212:2.OG:25|213:2.OG:25|213:2.OG:25|215:2.OG:25|216:2.OG:25|218:2.OG:25|219:2.OG:25|301:3.OG:25|302:3.OG:25|304:3.OG:25|311:3.OG:25|312:3.OG:25|313:3.OG:25|314:3.OG:25|315:3.OG:25|316:3.OG:25|317:3.OG:25|318:3.OG:25|319:3.OG:25

Sheet SchülerInnen
A1: Name | B1: Vorname | C1: v+ | D1: n+ | E1: Email | F1: Gruppen
A2: Albaiad | B2: Leen | C2: =LOWER(SUBSTITUTE(SUBSTITUTE(SUBSTITUTE(SUBSTITUTE(SUBSTITUTE(SUBSTITUTE(SUBSTITUTE(SUBSTITUTE(SUBSTITUTE(SUBSTITUTE(SUBSTITUTE(B2," ","."),"-","."),"ä","ae"),"ö","oe"),"ü","ue"),"ß","ss"),"é","e"),"ú","u"),"á","a"),"Ł","L"),"ł","l")) -> leen | D2: =LOWER(SUBSTITUTE(SUBSTITUTE(SUBSTITUTE(SUBSTITUTE(SUBSTITUTE(SUBSTITUTE(SUBSTITUTE(SUBSTITUTE(SUBSTITUTE(SUBSTITUTE(SUBSTITUTE(A2," ","."),"-","."),"ä","ae"),"ö","oe"),"ü","ue"),"ß","ss"),"é","e"),"ú","u"),"á","a"),"Ł","L"),"ł","l")) -> albaiad | E2: =C2&"."&D2&"@martinus-gymnasium.de" -> leen.albaiad@martinus-gymnasium.de | F2: 8a
A3: Albatran | B3: Murhf | C3: =LOWER(SUBSTITUTE(SUBSTITUTE(SUBSTITUTE(SUBSTITUTE(SUBSTITUTE(SUBSTITUTE(SUBSTITUTE(SUBSTITUTE(SUBSTITUTE(SUBSTITUTE(SUBSTITUTE(B3," ","."),"-","."),"ä","ae"),"ö","oe"),"ü","ue"),"ß","ss"),"é","e"),"ú","u"),"á","a"),"Ł","L"),"ł","l")) -> murhf | D3: =LOWER(SUBSTITUTE(SUBSTITUTE(SUBSTITUTE(SUBSTITUTE(SUBSTITUTE(SUBSTITUTE(SUBSTITUTE(SUBSTITUTE(SUBSTITUTE(SUBSTITUTE(SUBSTITUTE(A3," ","."),"-","."),"ä","ae"),"ö","oe"),"ü","ue"),"ß","ss"),"é","e"),"ú","u"),"á","a"),"Ł","L"),"ł","l")) -> albatran | E3: =C3&"."&D3&"@martinus-gymnasium.de" -> murhf.albatran@martinus-gymnasium.de | F3: 8a
A4: Belilovskiy | B4: Luka | C4: =LOWER(SUBSTITUTE(SUBSTITUTE(SUBSTITUTE(SUBSTITUTE(SUBSTITUTE(SUBSTITUTE(SUBSTITUTE(SUBSTITUTE(SUBSTITUTE(SUBSTITUTE(SUBSTITUTE(B4," ","."),"-","."),"ä","ae"),"ö","oe"),"ü","ue"),"ß","ss"),"é","e"),"ú","u"),"á","a"),"Ł","L"),"ł","l")) -> luka | D4: =LOWER(SUBSTITUTE(SUBSTITUTE(SUBSTITUTE(SUBSTITUTE(SUBSTITUTE(SUBSTITUTE(SUBSTITUTE(SUBSTITUTE(SUBSTITUTE(SUBSTITUTE(SUBSTITUTE(A4," ","."),"-","."),"ä","ae"),"ö","oe"),"ü","ue"),"ß","ss"),"é","e"),"ú","u"),"á","a"),"Ł","L"),"ł","l")) -> belilovskiy | E4: =C4&"."&D4&"@martinus-gymnasium.de" -> luka.belilovskiy@martinus-gymnasium.de | F4: 8a
A5: Birrenbach | B5: Mona | C5: =LOWER(SUBSTITUTE(SUBSTITUTE(SUBSTITUTE(SUBSTITUTE(SUBSTITUTE(SUBSTITUTE(SUBSTITUTE(SUBSTITUTE(SUBSTITUTE(SUBSTITUTE(SUBSTITUTE(B5," ","."),"-","."),"ä","ae"),"ö","oe"),"ü","ue"),"ß","ss"),"é","e"),"ú","u"),"á","a"),"Ł","L"),"ł","l")) -> mona | D5: =LOWER(SUBSTITUTE(SUBSTITUTE(SUBSTITUTE(SUBSTITUTE(SUBSTITUTE(SUBSTITUTE(SUBSTITUTE(SUBSTITUTE(SUBSTITUTE(SUBSTITUTE(SUBSTITUTE(A5," ","."),"-","."),"ä","ae"),"ö","oe"),"ü","ue"),"ß","ss"),"é","e"),"ú","u"),"á","a"),"Ł","L"),"ł","l")) -> birrenbach | E5: =C5&"."&D5&"@martinus-gymnasium.de" -> mona.birrenbach@martinus-gymnasium.de | F5: 8a
A6: Bornheim | B6: Ben | C6: =LOWER(SUBSTITUTE(SUBSTITUTE(SUBSTITUTE(SUBSTITUTE(SUBSTITUTE(SUBSTITUTE(SUBSTITUTE(SUBSTITUTE(SUBSTITUTE(SUBSTITUTE(SUBSTITUTE(B6," ","."),"-","."),"ä","ae"),"ö","oe"),"ü","ue"),"ß","ss"),"é","e"),"ú","u"),"á","a"),"Ł","L"),"ł","l")) -> ben | D6: =LOWER(SUBSTITUTE(SUBSTITUTE(SUBSTITUTE(SUBSTITUTE(SUBSTITUTE(SUBSTITUTE(SUBSTITUTE(SUBSTITUTE(SUBSTITUTE(SUBSTITUTE(SUBSTITUTE(A6," ","."),"-","."),"ä","ae"),"ö","oe"),"ü","ue"),"ß","ss"),"é","e"),"ú","u"),"á","a"),"Ł","L"),"ł","l")) -> bornheim | E6: =C6&"."&D6&"@martinus-gymnasium.de" -> ben.bornheim@martinus-gymnasium.de | F6: 8a
A7: Borodavchuk | B7: Denys | C7: =LOWER(SUBSTITUTE(SUBSTITUTE(SUBSTITUTE(SUBSTITUTE(SUBSTITUTE(SUBSTITUTE(SUBSTITUTE(SUBSTITUTE(SUBSTITUTE(SUBSTITUTE(SUBSTITUTE(B7," ","."),"-","."),"ä","ae"),"ö","oe"),"ü","ue"),"ß","ss"),"é","e"),"ú","u"),"á","a"),"Ł","L"),"ł","l")) -> denys | D7: =LOWER(SUBSTITUTE(SUBSTITUTE(SUBSTITUTE(SUBSTITUTE(SUBSTITUTE(SUBSTITUTE(SUBSTITUTE(SUBSTITUTE(SUBSTITUTE(SUBSTITUTE(SUBSTITUTE(A7," ","."),"-","."),"ä","ae"),"ö","oe"),"ü","ue"),"ß","ss"),"é","e"),"ú","u"),"á","a"),"Ł","L"),"ł","l")) -> borodavchuk | E7: =C7&"."&D7&"@martinus-gymnasium.de" -> denys.borodavchuk@martinus-gymnasium.de | F7: 8a
A8: Caglar | B8: Emir | C8: =LOWER(SUBSTITUTE(SUBSTITUTE(SUBSTITUTE(SUBSTITUTE(SUBSTITUTE(SUBSTITUTE(SUBSTITUTE(SUBSTITUTE(SUBSTITUTE(SUBSTITUTE(SUBSTITUTE(B8," ","."),"-","."),"ä","ae"),"ö","oe"),"ü","ue"),"ß","ss"),"é","e"),"ú","u"),"á","a"),"Ł","L"),"ł","l")) -> emir | D8: =LOWER(SUBSTITUTE(SUBSTITUTE(SUBSTITUTE(SUBSTITUTE(SUBSTITUTE(SUBSTITUTE(SUBSTITUTE(SUBSTITUTE(SUBSTITUTE(SUBSTITUTE(SUBSTITUTE(A8," ","."),"-","."),"ä","ae"),"ö","oe"),"ü","ue"),"ß","ss"),"é","e"),"ú","u"),"á","a"),"Ł","L"),"ł","l")) -> caglar | E8: =C8&"."&D8&"@martinus-gymnasium.de" -> emir.caglar@martinus-gymnasium.de | F8: 8a
A9: Carmona Rodriguez | B9: Emily | C9: =LOWER(SUBSTITUTE(SUBSTITUTE(SUBSTITUTE(SUBSTITUTE(SUBSTITUTE(SUBSTITUTE(SUBSTITUTE(SUBSTITUTE(SUBSTITUTE(SUBSTITUTE(SUBSTITUTE(B9," ","."),"-","."),"ä","ae"),"ö","oe"),"ü","ue"),"ß","ss"),"é","e"),"ú","u"),"á","a"),"Ł","L"),"ł","l")) -> emily | D9: =LOWER(SUBSTITUTE(SUBSTITUTE(SUBSTITUTE(SUBSTITUTE(SUBSTITUTE(SUBSTITUTE(SUBSTITUTE(SUBSTITUTE(SUBSTITUTE(SUBSTITUTE(SUBSTITUTE(A9," ","."),"-","."),"ä","ae"),"ö","oe"),"ü","ue"),"ß","ss"),"é","e"),"ú","u"),"á","a"),"Ł","L"),"ł","l")) -> carmona.rodriguez | E9: =C9&"."&D9&"@martinus-gymnasium.de" -> emily.carmona.rodriguez@martinus-gymnasium.de | F9: 8a
A10: Cazals | B10: Matthieu | C10: =LOWER(SUBSTITUTE(SUBSTITUTE(SUBSTITUTE(SUBSTITUTE(SUBSTITUTE(SUBSTITUTE(SUBSTITUTE(SUBSTITUTE(SUBSTITUTE(SUBSTITUTE(SUBSTITUTE(B10," ","."),"-","."),"ä","ae"),"ö","oe"),"ü","ue"),"ß","ss"),"é","e"),"ú","u"),"á","a"),"Ł","L"),"ł","l")) -> matthieu | D10: =LOWER(SUBSTITUTE(SUBSTITUTE(SUBSTITUTE(SUBSTITUTE(SUBSTITUTE(SUBSTITUTE(SUBSTITUTE(SUBSTITUTE(SUBSTITUTE(SUBSTITUTE(SUBSTITUTE(A10," ","."),"-","."),"ä","ae"),"ö","oe"),"ü","ue"),"ß","ss"),"é","e"),"ú","u"),"á","a"),"Ł","L"),"ł","l")) -> cazals | E10: =C10&"."&D10&"@martinus-gymnasium.de" -> matthieu.cazals@martinus-gymnasium.de | F10: 8a
A11: Effern | B11: Diego | C11: =LOWER(SUBSTITUTE(SUBSTITUTE(SUBSTITUTE(SUBSTITUTE(SUBSTITUTE(SUBSTITUTE(SUBSTITUTE(SUBSTITUTE(SUBSTITUTE(SUBSTITUTE(SUBSTITUTE(B11," ","."),"-","."),"ä","ae"),"ö","oe"),"ü","ue"),"ß","ss"),"é","e"),"ú","u"),"á","a"),"Ł","L"),"ł","l")) -> diego | D11: =LOWER(SUBSTITUTE(SUBSTITUTE(SUBSTITUTE(SUBSTITUTE(SUBSTITUTE(SUBSTITUTE(SUBSTITUTE(SUBSTITUTE(SUBSTITUTE(SUBSTITUTE(SUBSTITUTE(A11," ","."),"-","."),"ä","ae"),"ö","oe"),"ü","ue"),"ß","ss"),"é","e"),"ú","u"),"á","a"),"Ł","L"),"ł","l")) -> effern | E11: =C11&"."&D11&"@martinus-gymnasium.de" -> diego.effern@martinus-gymnasium.de | F11: 8a
A12: Engels | B12: Leonie | C12: =LOWER(SUBSTITUTE(SUBSTITUTE(SUBSTITUTE(SUBSTITUTE(SUBSTITUTE(SUBSTITUTE(SUBSTITUTE(SUBSTITUTE(SUBSTITUTE(SUBSTITUTE(SUBSTITUTE(B12," ","."),"-","."),"ä","ae"),"ö","oe"),"ü","ue"),"ß","ss"),"é","e"),"ú","u"),"á","a"),"Ł","L"),"ł","l")) -> leonie | D12: =LOWER(SUBSTITUTE(SUBSTITUTE(SUBSTITUTE(SUBSTITUTE(SUBSTITUTE(SUBSTITUTE(SUBSTITUTE(SUBSTITUTE(SUBSTITUTE(SUBSTITUTE(SUBSTITUTE(A12," ","."),"-","."),"ä","ae"),"ö","oe"),"ü","ue"),"ß","ss"),"é","e"),"ú","u"),"á","a"),"Ł","L"),"ł","l")) -> engels | E12: =C12&"."&D12&"@martinus-gymnasium.de" -> leonie.engels@martinus-gymnasium.de | F12: 8a
A13: Hartung | B13: Max Bao Nam | C13: =LOWER(SUBSTITUTE(SUBSTITUTE(SUBSTITUTE(SUBSTITUTE(SUBSTITUTE(SUBSTITUTE(SUBSTITUTE(SUBSTITUTE(SUBSTITUTE(SUBSTITUTE(SUBSTITUTE(B13," ","."),"-","."),"ä","ae"),"ö","oe"),"ü","ue"),"ß","ss"),"é","e"),"ú","u"),"á","a"),"Ł","L"),"ł","l")) -> max.bao.nam | D13: =LOWER(SUBSTITUTE(SUBSTITUTE(SUBSTITUTE(SUBSTITUTE(SUBSTITUTE(SUBSTITUTE(SUBSTITUTE(SUBSTITUTE(SUBSTITUTE(SUBSTITUTE(SUBSTITUTE(A13," ","."),"-","."),"ä","ae"),"ö","oe"),"ü","ue"),"ß","ss"),"é","e"),"ú","u"),"á","a"),"Ł","L"),"ł","l")) -> hartung | E13: =C13&"."&D13&"@martinus-gymnasium.de" -> max.bao.nam.hartung@martinus-gymnasium.de | F13: 8a
... A246: Winkler | B246: Henrik | C246: =LOWER(SUBSTITUTE(SUBSTITUTE(SUBSTITUTE(SUBSTITUTE(SUBSTITUTE(SUBSTITUTE(SUBSTITUTE(SUBSTITUTE(SUBSTITUTE(SUBSTITUTE(SUBSTITUTE(B246," ","."),"-","."),"ä","ae"),"ö","oe"),"ü","ue"),"ß","ss"),"é","e"),"ú","u"),"á","a"),"Ł","L"),"ł","l")) -> henrik | D246: =LOWER(SUBSTITUTE(SUBSTITUTE(SUBSTITUTE(SUBSTITUTE(SUBSTITUTE(SUBSTITUTE(SUBSTITUTE(SUBSTITUTE(SUBSTITUTE(SUBSTITUTE(SUBSTITUTE(A246," ","."),"-","."),"ä","ae"),"ö","oe"),"ü","ue"),"ß","ss"),"é","e"),"ú","u"),"á","a"),"Ł","L"),"ł","l")) -> winkler | E246: =C246&"."&D246&"@martinus-gymnasium.de" -> henrik.winkler@martinus-gymnasium.de | F246: 10c
A247: Abdul-Raouf | B247: Maryam | C247: =LOWER(SUBSTITUTE(SUBSTITUTE(SUBSTITUTE(SUBSTITUTE(SUBSTITUTE(SUBSTITUTE(SUBSTITUTE(SUBSTITUTE(SUBSTITUTE(SUBSTITUTE(SUBSTITUTE(B247," ","."),"-","."),"ä","ae"),"ö","oe"),"ü","ue"),"ß","ss"),"é","e"),"ú","u"),"á","a"),"Ł","L"),"ł","l")) -> maryam | D247: =LOWER(SUBSTITUTE(SUBSTITUTE(SUBSTITUTE(SUBSTITUTE(SUBSTITUTE(SUBSTITUTE(SUBSTITUTE(SUBSTITUTE(SUBSTITUTE(SUBSTITUTE(SUBSTITUTE(A247," ","."),"-","."),"ä","ae"),"ö","oe"),"ü","ue"),"ß","ss"),"é","e"),"ú","u"),"á","a"),"Ł","L"),"ł","l")) -> abdul.raouf | E247: =C247&"."&D247&"@martinus-gymnasium.de" -> maryam.abdul.raouf@martinus-gymnasium.de | F247: 11
A248: Adolphi | B248: Bjarne Mathias | C248: =LOWER(SUBSTITUTE(SUBSTITUTE(SUBSTITUTE(SUBSTITUTE(SUBSTITUTE(SUBSTITUTE(SUBSTITUTE(SUBSTITUTE(SUBSTITUTE(SUBSTITUTE(SUBSTITUTE(B248," ","."),"-","."),"ä","ae"),"ö","oe"),"ü","ue"),"ß","ss"),"é","e"),"ú","u"),"á","a"),"Ł","L"),"ł","l")) -> bjarne.mathias | D248: =LOWER(SUBSTITUTE(SUBSTITUTE(SUBSTITUTE(SUBSTITUTE(SUBSTITUTE(SUBSTITUTE(SUBSTITUTE(SUBSTITUTE(SUBSTITUTE(SUBSTITUTE(SUBSTITUTE(A248," ","."),"-","."),"ä","ae"),"ö","oe"),"ü","ue"),"ß","ss"),"é","e"),"ú","u"),"á","a"),"Ł","L"),"ł","l")) -> adolphi | E248: =C248&"."&D248&"@martinus-gymnasium.de" -> bjarne.mathias.adolphi@martinus-gymnasium.de | F248: 11
A249: Alkesaab | B249: Rehma | C249: =LOWER(SUBSTITUTE(SUBSTITUTE(SUBSTITUTE(SUBSTITUTE(SUBSTITUTE(SUBSTITUTE(SUBSTITUTE(SUBSTITUTE(SUBSTITUTE(SUBSTITUTE(SUBSTITUTE(B249," ","."),"-","."),"ä","ae"),"ö","oe"),"ü","ue"),"ß","ss"),"é","e"),"ú","u"),"á","a"),"Ł","L"),"ł","l")) -> rehma | D249: =LOWER(SUBSTITUTE(SUBSTITUTE(SUBSTITUTE(SUBSTITUTE(SUBSTITUTE(SUBSTITUTE(SUBSTITUTE(SUBSTITUTE(SUBSTITUTE(SUBSTITUTE(SUBSTITUTE(A249," ","."),"-","."),"ä","ae"),"ö","oe"),"ü","ue"),"ß","ss"),"é","e"),"ú","u"),"á","a"),"Ł","L"),"ł","l")) -> alkesaab | E249: =C249&"."&D249&"@martinus-gymnasium.de" -> rehma.alkesaab@martinus-gymnasium.de | F249: 11
A250: Aßenmacher | B250: Magnus | C250: =LOWER(SUBSTITUTE(SUBSTITUTE(SUBSTITUTE(SUBSTITUTE(SUBSTITUTE(SUBSTITUTE(SUBSTITUTE(SUBSTITUTE(SUBSTITUTE(SUBSTITUTE(SUBSTITUTE(B250," ","."),"-","."),"ä","ae"),"ö","oe"),"ü","ue"),"ß","ss"),"é","e"),"ú","u"),"á","a"),"Ł","L"),"ł","l")) -> magnus | D250: =LOWER(SUBSTITUTE(SUBSTITUTE(SUBSTITUTE(SUBSTITUTE(SUBSTITUTE(SUBSTITUTE(SUBSTITUTE(SUBSTITUTE(SUBSTITUTE(SUBSTITUTE(SUBSTITUTE(A250," ","."),"-","."),"ä","ae"),"ö","oe"),"ü","ue"),"ß","ss"),"é","e"),"ú","u"),"á","a"),"Ł","L"),"ł","l")) -> assenmacher | E250: =C250&"."&D250&"@martinus-gymnasium.de" -> magnus.assenmacher@martinus-gymnasium.de | F250: 11
A251: Aycicek | B251: Hansa Yagmur | C251: =LOWER(SUBSTITUTE(SUBSTITUTE(SUBSTITUTE(SUBSTITUTE(SUBSTITUTE(SUBSTITUTE(SUBSTITUTE(SUBSTITUTE(SUBSTITUTE(SUBSTITUTE(SUBSTITUTE(B251," ","."),"-","."),"ä","ae"),"ö","oe"),"ü","ue"),"ß","ss"),"é","e"),"ú","u"),"á","a"),"Ł","L"),"ł","l")) -> hansa.yagmur | D251: =LOWER(SUBSTITUTE(SUBSTITUTE(SUBSTITUTE(SUBSTITUTE(SUBSTITUTE(SUBSTITUTE(SUBSTITUTE(SUBSTITUTE(SUBSTITUTE(SUBSTITUTE(SUBSTITUTE(A251," ","."),"-","."),"ä","ae"),"ö","oe"),"ü","ue"),"ß","ss"),"é","e"),"ú","u"),"á","a"),"Ł","L"),"ł","l")) -> aycicek | E251: =C251&"."&D251&"@martinus-gymnasium.de" -> hansa.yagmur.aycicek@martinus-gymnasium.de | F251: 11
A252: Bakhtin | B252: Mykola | C252: =LOWER(SUBSTITUTE(SUBSTITUTE(SUBSTITUTE(SUBSTITUTE(SUBSTITUTE(SUBSTITUTE(SUBSTITUTE(SUBSTITUTE(SUBSTITUTE(SUBSTITUTE(SUBSTITUTE(B252," ","."),"-","."),"ä","ae"),"ö","oe"),"ü","ue"),"ß","ss"),"é","e"),"ú","u"),"á","a"),"Ł","L"),"ł","l")) -> mykola | D252: =LOWER(SUBSTITUTE(SUBSTITUTE(SUBSTITUTE(SUBSTITUTE(SUBSTITUTE(SUBSTITUTE(SUBSTITUTE(SUBSTITUTE(SUBSTITUTE(SUBSTITUTE(SUBSTITUTE(A252," ","."),"-","."),"ä","ae"),"ö","oe"),"ü","ue"),"ß","ss"),"é","e"),"ú","u"),"á","a"),"Ł","L"),"ł","l")) -> bakhtin | E252: =C252&"."&D252&"@martinus-gymnasium.de" -> mykola.bakhtin@martinus-gymnasium.de | F252: 11
A253: Beck | B253: Cilian Raúl | C253: =LOWER(SUBSTITUTE(SUBSTITUTE(SUBSTITUTE(SUBSTITUTE(SUBSTITUTE(SUBSTITUTE(SUBSTITUTE(SUBSTITUTE(SUBSTITUTE(SUBSTITUTE(SUBSTITUTE(B253," ","."),"-","."),"ä","ae"),"ö","oe"),"ü","ue"),"ß","ss"),"é","e"),"ú","u"),"á","a"),"Ł","L"),"ł","l")) -> cilian.raul | D253: =LOWER(SUBSTITUTE(SUBSTITUTE(SUBSTITUTE(SUBSTITUTE(SUBSTITUTE(SUBSTITUTE(SUBSTITUTE(SUBSTITUTE(SUBSTITUTE(SUBSTITUTE(SUBSTITUTE(A253," ","."),"-","."),"ä","ae"),"ö","oe"),"ü","ue"),"ß","ss"),"é","e"),"ú","u"),"á","a"),"Ł","L"),"ł","l")) -> beck | E253: =C253&"."&D253&"@martinus-gymnasium.de" -> cilian.raul.beck@martinus-gymnasium.de | F253: 11
A254: Becker-Röttgen | B254: Merle | C254: =LOWER(SUBSTITUTE(SUBSTITUTE(SUBSTITUTE(SUBSTITUTE(SUBSTITUTE(SUBSTITUTE(SUBSTITUTE(SUBSTITUTE(SUBSTITUTE(SUBSTITUTE(SUBSTITUTE(B254," ","."),"-","."),"ä","ae"),"ö","oe"),"ü","ue"),"ß","ss"),"é","e"),"ú","u"),"á","a"),"Ł","L"),"ł","l")) -> merle | D254: =LOWER(SUBSTITUTE(SUBSTITUTE(SUBSTITUTE(SUBSTITUTE(SUBSTITUTE(SUBSTITUTE(SUBSTITUTE(SUBSTITUTE(SUBSTITUTE(SUBSTITUTE(SUBSTITUTE(A254," ","."),"-","."),"ä","ae"),"ö","oe"),"ü","ue"),"ß","ss"),"é","e"),"ú","u"),"á","a"),"Ł","L"),"ł","l")) -> becker.roettgen | E254: =C254&"."&D254&"@martinus-gymnasium.de" -> merle.becker.roettgen@martinus-gymnasium.de | F254: 11
A255: Busley | B255: Sophia | C255: =LOWER(SUBSTITUTE(SUBSTITUTE(SUBSTITUTE(SUBSTITUTE(SUBSTITUTE(SUBSTITUTE(SUBSTITUTE(SUBSTITUTE(SUBSTITUTE(SUBSTITUTE(SUBSTITUTE(B255," ","."),"-","."),"ä","ae"),"ö","oe"),"ü","ue"),"ß","ss"),"é","e"),"ú","u"),"á","a"),"Ł","L"),"ł","l")) -> sophia | D255: =LOWER(SUBSTITUTE(SUBSTITUTE(SUBSTITUTE(SUBSTITUTE(SUBSTITUTE(SUBSTITUTE(SUBSTITUTE(SUBSTITUTE(SUBSTITUTE(SUBSTITUTE(SUBSTITUTE(A255," ","."),"-","."),"ä","ae"),"ö","oe"),"ü","ue"),"ß","ss"),"é","e"),"ú","u"),"á","a"),"Ł","L"),"ł","l")) -> busley | E255: =C255&"."&D255&"@martinus-gymnasium.de" -> sophia.busley@martinus-gymnasium.de | F255: 11
A256: Ceylan | B256: Seymen | C256: =LOWER(SUBSTITUTE(SUBSTITUTE(SUBSTITUTE(SUBSTITUTE(SUBSTITUTE(SUBSTITUTE(SUBSTITUTE(SUBSTITUTE(SUBSTITUTE(SUBSTITUTE(SUBSTITUTE(B256," ","."),"-","."),"ä","ae"),"ö","oe"),"ü","ue"),"ß","ss"),"é","e"),"ú","u"),"á","a"),"Ł","L"),"ł","l")) -> seymen | D256: =LOWER(SUBSTITUTE(SUBSTITUTE(SUBSTITUTE(SUBSTITUTE(SUBSTITUTE(SUBSTITUTE(SUBSTITUTE(SUBSTITUTE(SUBSTITUTE(SUBSTITUTE(SUBSTITUTE(A256," ","."),"-","."),"ä","ae"),"ö","oe"),"ü","ue"),"ß","ss"),"é","e"),"ú","u"),"á","a"),"Ł","L"),"ł","l")) -> ceylan | E256: =C256&"."&D256&"@martinus-gymnasium.de" -> seymen.ceylan@martinus-gymnasium.de | F256: 11
A257: Chrenko | B257: Marlene | C257: =LOWER(SUBSTITUTE(SUBSTITUTE(SUBSTITUTE(SUBSTITUTE(SUBSTITUTE(SUBSTITUTE(SUBSTITUTE(SUBSTITUTE(SUBSTITUTE(SUBSTITUTE(SUBSTITUTE(B257," ","."),"-","."),"ä","ae"),"ö","oe"),"ü","ue"),"ß","ss"),"é","e"),"ú","u"),"á","a"),"Ł","L"),"ł","l")) -> marlene | D257: =LOWER(SUBSTITUTE(SUBSTITUTE(SUBSTITUTE(SUBSTITUTE(SUBSTITUTE(SUBSTITUTE(SUBSTITUTE(SUBSTITUTE(SUBSTITUTE(SUBSTITUTE(SUBSTITUTE(A257," ","."),"-","."),"ä","ae"),"ö","oe"),"ü","ue"),"ß","ss"),"é","e"),"ú","u"),"á","a"),"Ł","L"),"ł","l")) -> chrenko | E257: =C257&"."&D257&"@martinus-gymnasium.de" -> marlene.chrenko@martinus-gymnasium.de | F257: 11
A258: Diederich | B258: Marie Sofie | C258: =LOWER(SUBSTITUTE(SUBSTITUTE(SUBSTITUTE(SUBSTITUTE(SUBSTITUTE(SUBSTITUTE(SUBSTITUTE(SUBSTITUTE(SUBSTITUTE(SUBSTITUTE(SUBSTITUTE(B258," ","."),"-","."),"ä","ae"),"ö","oe"),"ü","ue"),"ß","ss"),"é","e"),"ú","u"),"á","a"),"Ł","L"),"ł","l")) -> marie.sofie | D258: =LOWER(SUBSTITUTE(SUBSTITUTE(SUBSTITUTE(SUBSTITUTE(SUBSTITUTE(SUBSTITUTE(SUBSTITUTE(SUBSTITUTE(SUBSTITUTE(SUBSTITUTE(SUBSTITUTE(A258," ","."),"-","."),"ä","ae"),"ö","oe"),"ü","ue"),"ß","ss"),"é","e"),"ú","u"),"á","a"),"Ł","L"),"ł","l")) -> diederich | E258: =C258&"."&D258&"@martinus-gymnasium.de" -> marie.sofie.diederich@martinus-gymnasium.de | F258: 11
... A417: Zeqa | B417: Nderim | C417: =LOWER(SUBSTITUTE(SUBSTITUTE(SUBSTITUTE(SUBSTITUTE(SUBSTITUTE(SUBSTITUTE(SUBSTITUTE(SUBSTITUTE(SUBSTITUTE(SUBSTITUTE(SUBSTITUTE(B417," ","."),"-","."),"ä","ae"),"ö","oe"),"ü","ue"),"ß","ss"),"é","e"),"ú","u"),"á","a"),"Ł","L"),"ł","l")) -> nderim | D417: =LOWER(SUBSTITUTE(SUBSTITUTE(SUBSTITUTE(SUBSTITUTE(SUBSTITUTE(SUBSTITUTE(SUBSTITUTE(SUBSTITUTE(SUBSTITUTE(SUBSTITUTE(SUBSTITUTE(A417," ","."),"-","."),"ä","ae"),"ö","oe"),"ü","ue"),"ß","ss"),"é","e"),"ú","u"),"á","a"),"Ł","L"),"ł","l")) -> zeqa | E417: =C417&"."&D417&"@martinus-gymnasium.de" -> nderim.zeqa@martinus-gymnasium.de | F417: 12

Sheet teilnehmer.csv
A1: Nachname | B1: Vorname | C1: Email | D1: Gruppen | E1: CSV
A2: =SchülerInnen!A2 -> Albaiad | B2: =SchülerInnen!B2 -> Leen | C2: =SchülerInnen!E2 -> leen.albaiad@martinus-gymnasium.de | D2: =SchülerInnen!F2 -> 8a | E2: =_xlfn.TEXTJOIN(";",FALSE,A2:D2) -> Albaiad;Leen;leen.albaiad@martinus-gymnasium.de;8a
A3: =SchülerInnen!A3 -> Albatran | B3: =SchülerInnen!B3 -> Murhf | C3: =SchülerInnen!E3 -> murhf.albatran@martinus-gymnasium.de | D3: =SchülerInnen!F3 -> 8a | E3: =_xlfn.TEXTJOIN(";",FALSE,A3:D3) -> Albatran;Murhf;murhf.albatran@martinus-gymnasium.de;8a
A4: =SchülerInnen!A4 -> Belilovskiy | B4: =SchülerInnen!B4 -> Luka | C4: =SchülerInnen!E4 -> luka.belilovskiy@martinus-gymnasium.de | D4: =SchülerInnen!F4 -> 8a | E4: =_xlfn.TEXTJOIN(";",FALSE,A4:D4) -> Belilovskiy;Luka;luka.belilovskiy@martinus-gymnasium.de;8a
A5: =SchülerInnen!A5 -> Birrenbach | B5: =SchülerInnen!B5 -> Mona | C5: =SchülerInnen!E5 -> mona.birrenbach@martinus-gymnasium.de | D5: =SchülerInnen!F5 -> 8a | E5: =_xlfn.TEXTJOIN(";",FALSE,A5:D5) -> Birrenbach;Mona;mona.birrenbach@martinus-gymnasium.de;8a
A6: =SchülerInnen!A6 -> Bornheim | B6: =SchülerInnen!B6 -> Ben | C6: =SchülerInnen!E6 -> ben.bornheim@martinus-gymnasium.de | D6: =SchülerInnen!F6 -> 8a | E6: =_xlfn.TEXTJOIN(";",FALSE,A6:D6) -> Bornheim;Ben;ben.bornheim@martinus-gymnasium.de;8a
A7: =SchülerInnen!A7 -> Borodavchuk | B7: =SchülerInnen!B7 -> Denys | C7: =SchülerInnen!E7 -> denys.borodavchuk@martinus-gymnasium.de | D7: =SchülerInnen!F7 -> 8a | E7: =_xlfn.TEXTJOIN(";",FALSE,A7:D7) -> Borodavchuk;Denys;denys.borodavchuk@martinus-gymnasium.de;8a
A8: =SchülerInnen!A8 -> Caglar | B8: =SchülerInnen!B8 -> Emir | C8: =SchülerInnen!E8 -> emir.caglar@martinus-gymnasium.de | D8: =SchülerInnen!F8 -> 8a | E8: =_xlfn.TEXTJOIN(";",FALSE,A8:D8) -> Caglar;Emir;emir.caglar@martinus-gymnasium.de;8a
A9: =SchülerInnen!A9 -> Carmona Rodriguez | B9: =SchülerInnen!B9 -> Emily | C9: =SchülerInnen!E9 -> emily.carmona.rodriguez@martinus-gymnasium.de | D9: =SchülerInnen!F9 -> 8a | E9: =_xlfn.TEXTJOIN(";",FALSE,A9:D9) -> Carmona Rodriguez;Emily;emily.carmona.rodriguez@martinus-gymnasium.de;8a
A10: =SchülerInnen!A10 -> Cazals | B10: =SchülerInnen!B10 -> Matthieu | C10: =SchülerInnen!E10 -> matthieu.cazals@martinus-gymnasium.de | D10: =SchülerInnen!F10 -> 8a | E10: =_xlfn.TEXTJOIN(";",FALSE,A10:D10) -> Cazals;Matthieu;matthieu.cazals@martinus-gymnasium.de;8a
A11: =SchülerInnen!A11 -> Effern | B11: =SchülerInnen!B11 -> Diego | C11: =SchülerInnen!E11 -> diego.effern@martinus-gymnasium.de | D11: =SchülerInnen!F11 -> 8a | E11: =_xlfn.TEXTJOIN(";",FALSE,A11:D11) -> Effern;Diego;diego.effern@martinus-gymnasium.de;8a
A12: =SchülerInnen!A12 -> Engels | B12: =SchülerInnen!B12 -> Leonie | C12: =SchülerInnen!E12 -> leonie.engels@martinus-gymnasium.de | D12: =SchülerInnen!F12 -> 8a | E12: =_xlfn.TEXTJOIN(";",FALSE,A12:D12) -> Engels;Leonie;leonie.engels@martinus-gymnasium.de;8a
A13: =SchülerInnen!A13 -> Hartung | B13: =SchülerInnen!B13 -> Max Bao Nam | C13: =SchülerInnen!E13 -> max.bao.nam.hartung@martinus-gymnasium.de | D13: =SchülerInnen!F13 -> 8a | E13: =_xlfn.TEXTJOIN(";",FALSE,A13:D13) -> Hartung;Max Bao Nam;max.bao.nam.hartung@martinus-gymnasium.de;8a
... A417: =SchülerInnen!A417 -> Zeqa | B417: =SchülerInnen!B417 -> Nderim | C417: =SchülerInnen!E417 -> nderim.zeqa@martinus-gymnasium.de | D417: =SchülerInnen!F417 -> 12 | E417: =_xlfn.TEXTJOIN(";",FALSE,A417:D417) -> Zeqa;Nderim;nderim.zeqa@martinus-gymnasium.de;12

Sheet V-Gruppen
A1: Gruppen | C1: V-Gruppen
A2: {=_xlfn.UNIQUE(SchülerInnen!F2:F417)} -> 8a | C2: =_xlfn.TEXTJOIN("|",TRUE,_xlfn.ANCHORARRAY(A2)) -> 8a|8b|8c|9a|9b|9c|9d|10a|10b|10c|11|12
A3: 8b
A4: 8c
A5: 9a
A6: 9b
A7: 9c
A8: 9d
A9: 10a
A10: 10b
A11: 10c
A12: 11
A13: 12
